<?xml version="1.0" encoding="UTF-8"?>
<configurationDescriptor version="100">
  <logicalFolder name="root" displayName="root" projectFiles="true" kind="ROOT">
    <logicalFolder name="HeaderFiles"
                   displayName="Header Files"
                   projectFiles="true">
    </logicalFolder>
    <logicalFolder name="ResourceFiles"
                   displayName="Resource Files"
                   projectFiles="true">
    </logicalFolder>
    <logicalFolder name="SourceFiles"
                   displayName="Source Files"
                   projectFiles="true">
      <itemPath>main.cpp</itemPath>
    </logicalFolder>
    <logicalFolder name="TestFiles"
                   displayName="Test Files"
                   projectFiles="false"
                   kind="TEST_LOGICAL_FOLDER">
    </logicalFolder>
    <logicalFolder name="ExternalFiles"
                   displayName="Important Files"
                   projectFiles="false"
                   kind="IMPORTANT_FILES_FOLDER">
      <itemPath>Makefile</itemPath>
    </logicalFolder>
  </logicalFolder>
  <projectmakefile>Makefile</projectmakefile>
  <confs>
    <conf name="Debug" type="1">
      <toolsSet>
        <compilerSet>MinGW|MinGW</compilerSet>
        <dependencyChecking>true</dependencyChecking>
        <rebuildPropChanged>false</rebuildPropChanged>
      </toolsSet>
      <compileType>
        <ccTool>
          <incDir>
            <pElem>../../../../../Program Files/SFML-2.5.1/include</pElem>
          </incDir>
        </ccTool>
        <linkerTool>
          <linkerAddLib>
            <pElem>../../../../../Program Files/SFML-2.5.1/lib</pElem>
          </linkerAddLib>
          <linkerLibItems>
            <linkerLibLibItem>sfml-graphics-d</linkerLibLibItem>
            <linkerLibLibItem>sfml-graphics-s-d</linkerLibLibItem>
            <linkerLibLibItem>sfml-graphics-s</linkerLibLibItem>
            <linkerLibLibItem>sfml-graphics</linkerLibLibItem>
            <linkerLibLibItem>FLAC</linkerLibLibItem>
            <linkerLibLibItem>freetype</linkerLibLibItem>
            <linkerLibLibItem>ogg</linkerLibLibItem>
            <linkerLibLibItem>openal32</linkerLibLibItem>
            <linkerLibLibItem>sfml-audio-d</linkerLibLibItem>
            <linkerLibLibItem>sfml-audio-s-d</linkerLibLibItem>
            <linkerLibLibItem>sfml-audio-s</linkerLibLibItem>
            <linkerLibLibItem>sfml-audio</linkerLibLibItem>
            <linkerLibLibItem>sfml-main-d</linkerLibLibItem>
            <linkerLibLibItem>sfml-main</linkerLibLibItem>
            <linkerLibLibItem>sfml-network-d</linkerLibLibItem>
            <linkerLibLibItem>sfml-network-s-d</linkerLibLibItem>
            <linkerLibLibItem>sfml-network-s</linkerLibLibItem>
            <linkerLibLibItem>sfml-network</linkerLibLibItem>
            <linkerLibLibItem>sfml-window-d</linkerLibLibItem>
            <linkerLibLibItem>sfml-window-s-d</linkerLibLibItem>
            <linkerLibLibItem>sfml-window-s</linkerLibLibItem>
            <linkerLibLibItem>sfml-window</linkerLibLibItem>
            <linkerLibLibItem>vorbis</linkerLibLibItem>
            <linkerLibLibItem>vorbisenc</linkerLibLibItem>
            <linkerLibLibItem>vorbisfile</linkerLibLibItem>
            <linkerLibLibItem>sfml-system-d</linkerLibLibItem>
            <linkerLibLibItem>sfml-system-s-d</linkerLibLibItem>
            <linkerLibLibItem>sfml-system-s</linkerLibLibItem>
            <linkerLibLibItem>sfml-system</linkerLibLibItem>
          </linkerLibItems>
        </linkerTool>
      </compileType>
      <item path="main.cpp" ex="false" tool="1" flavor2="0">
      </item>
    </conf>
    <conf name="Release" type="1">
      <toolsSet>
        <compilerSet>MinGW|MinGW</compilerSet>
        <dependencyChecking>true</dependencyChecking>
        <rebuildPropChanged>false</rebuildPropChanged>
      </toolsSet>
      <compileType>
        <cTool>
          <developmentMode>5</developmentMode>
        </cTool>
        <ccTool>
          <developmentMode>5</developmentMode>
        </ccTool>
        <fortranCompilerTool>
          <developmentMode>5</developmentMode>
        </fortranCompilerTool>
        <asmTool>
          <developmentMode>5</developmentMode>
        </asmTool>
      </compileType>
      <item path="main.cpp" ex="false" tool="1" flavor2="0">
      </item>
    </conf>
  </confs>
</configurationDescriptor>
